{"assets/Z%C3%A1v%C4%9Bre%C4%8Dn%C3%BD_sn%C3%ADmek.jpg":["assets/Z%C3%A1v%C4%9Bre%C4%8Dn%C3%BD_sn%C3%ADmek.jpg"],"assets/photos/Adam_Bortlik.jpg":["assets/photos/Adam_Bortlik.jpg"],"assets/photos/Adam_Hrehovcik.jpg":["assets/photos/Adam_Hrehovcik.jpg"],"assets/photos/Ellen_Wdowkova.jpg":["assets/photos/Ellen_Wdowkova.jpg"],"assets/photos/Ivan_Geisler.jpg":["assets/photos/Ivan_Geisler.jpg"],"assets/photos/Jakub_Dousa.jpg":["assets/photos/Jakub_Dousa.jpg"],"assets/photos/Jakub_Seidl.jpg":["assets/photos/Jakub_Seidl.jpg"],"assets/photos/Krystof_Latka.jpg":["assets/photos/Krystof_Latka.jpg"],"assets/photos/Krystof_Pistek.jpg":["assets/photos/Krystof_Pistek.jpg"],"assets/photos/Mai_Lan_Dang.jpg":["assets/photos/Mai_Lan_Dang.jpg"],"assets/photos/Nela_Uhlirova.jpg":["assets/photos/Nela_Uhlirova.jpg"],"assets/photos/Sara_Bystrovova.jpg":["assets/photos/Sara_Bystrovova.jpg"],"assets/photos/Sara_Pavlinkova.jpg":["assets/photos/Sara_Pavlinkova.jpg"],"assets/photos/Simon_Skoumal.jpg":["assets/photos/Simon_Skoumal.jpg"],"assets/photos/Vojtech_Farsky.jpg":["assets/photos/Vojtech_Farsky.jpg"],"assets/videodatabase.txt":["assets/videodatabase.txt"],"packages/cupertino_icons/assets/CupertinoIcons.ttf":["packages/cupertino_icons/assets/CupertinoIcons.ttf"],"packages/flutter_inappwebview/t_rex_runner/t-rex.css":["packages/flutter_inappwebview/t_rex_runner/t-rex.css"],"packages/flutter_inappwebview/t_rex_runner/t-rex.html":["packages/flutter_inappwebview/t_rex_runner/t-rex.html"],"packages/font_awesome_flutter/lib/fonts/fa-brands-400.ttf":["packages/font_awesome_flutter/lib/fonts/fa-brands-400.ttf"],"packages/font_awesome_flutter/lib/fonts/fa-regular-400.ttf":["packages/font_awesome_flutter/lib/fonts/fa-regular-400.ttf"],"packages/font_awesome_flutter/lib/fonts/fa-solid-900.ttf":["packages/font_awesome_flutter/lib/fonts/fa-solid-900.ttf"],"packages/youtube_player_flutter/assets/speedometer.webp":["packages/youtube_player_flutter/assets/speedometer.webp"]}